model,train score,test score,fit time
KNN,0.924886191198786,0.9074355083459787,0.001608133316040039
Logistic Regression,0.9131259484066768,0.9150227617602428,0.05400395393371582
DT,0.9142640364188164,0.9059180576631259,0.001767873764038086
SVC,0.911608497723824,0.9074355083459787,2.6830620765686035
